1,2,3,4,5
576077,166061,201548,519467,625912
426765,82361,125340,408988,427492
725723,169849,229059,603231,649277
731166,136397,237730,624713,480612
370119,82370,121334,338979,386328
845240,121996,196800,566309,644139
523114,127793,187122,496785,514086
899171,108717,119480,350547,394830
608697,145053,191692,719029,612257
556419,103578,229093,485522,547655
683051,127205,204965,669074,690000
684953,144209,204186,597834,679731
685291,127839,204241,629674,738192
1251394,225506,569014,1046320,1331189
399988,74485,117565,344993,395280
699638,167235,130114,344382,409742
367601,77802,121558,342883,386033
702886,120077,203357,577332,667816
733939,134935,211951,629148,723653
564434,84027,133855,388632,475714
439802,82875,139260,386736,436995
780967,138353,233618,695416,388154
668401,82428,122756,343074,387664
727988,136526,315034,764677,711271
843120,71915,122412,343619,388356
725724,137984,219280,631568,539927
424491,76781,126990,373548,469995
428994,75152,114762,418596,452490
373367,81821,121875,336634,404419
423788,81152,127507,369553,419927
611661,107810,183648,530595,774910
579828,103005,164886,479877,552106
472445,83386,134187,387311,438175
739615,128420,204684,600650,747684
371993,81919,119372,341818,386050
576649,111078,234887,522020,584991
477572,89317,142878,417536,474529
846346,184714,247537,666039,482141
477772,93896,153784,435422,491196
401738,81527,118075,344572,400437
728715,136333,219360,640143,729943
420863,79385,128011,364375,436610
1244310,226974,361509,1108196,1212626
611355,114776,176322,561874,604289
998866,131557,209285,709278,416175
1060597,226673,366404,1056195,1256322
426507,79402,126994,376631,422845
687301,128598,198871,599052,681480
370176,82459,121466,344415,386995
646156,115164,192924,875735,1329458
553020,104152,180323,581838,548286
498775,133201,209658,463252,516069
1214759,209504,390911,1078334,813750
458512,83396,136505,402093,455786
736989,121984,195043,566199,632755
809790,196063,197317,771507,424731
548244,103484,165157,479366,580371
402145,82273,136387,345788,392547
695083,163307,145787,341204,387839
537373,136502,178556,478912,535866
438851,83679,132987,426171,439753
396710,74974,122958,342171,385249
781746,145747,234285,1057896,1124348
446291,83506,135088,384347,434263
1117491,192116,368036,1031922,1078954
966107,145678,237219,678175,779140
605097,107994,173080,504005,569628
634272,110975,209544,533601,576174
479170,89933,143105,421492,477451
578229,108057,220547,623298,617689
499053,110875,150520,439461,497371
757214,134657,234589,707935,620583
393498,74312,119396,344823,391293
609201,114593,211188,535237,605682
425068,79846,127508,366889,421850
729091,136100,238183,676236,727650
752729,112322,194562,488706,398706
681174,91093,122987,343824,388995
412021,73543,121999,359413,402894
1155627,195571,384091,1111194,1257402
1036154,146213,236111,687965,1078504
732248,136386,229476,634076,597873
368894,74693,121084,342123,396576
397811,82397,117707,337735,388129
766973,122089,207857,589860,642578
426563,80257,128149,371037,422429
464792,87778,137442,401401,454078
548983,105949,158214,451003,548092
444921,83337,132339,392118,440077
730652,123043,231135,701749,854886
407004,104379,130291,362905,411848
409006,81448,118831,345768,395357
1046035,226128,370229,1061337,1069576
494333,83517,134061,385339,436902
561411,105762,165170,457975,530604
480737,89538,143737,420103,475552
458952,86789,138404,399398,450457
782816,129688,225885,614112,418043
425021,80845,130233,376945,448828
645988,120525,193770,563888,641890
475533,90346,143586,418830,475505
397741,70313,115245,344541,388724
839322,137102,220952,643345,860857
645133,123178,186942,565727,646527
377589,82537,126128,341692,387161
504162,93680,149852,437245,496799
701157,113585,148567,707887,425612
380556,78513,123556,352726,395021
438019,82146,121434,344472,389396
443167,84471,133203,418587,440046
681770,121717,203712,598483,709647
397376,82272,149039,345598,387986
477947,90128,143053,457582,565974
683058,75401,119554,345160,393362
1373097,191375,264113,348468,392385
550971,105475,160224,510889,557228
583284,108321,172995,507518,574006
798208,129784,210719,605870,687742
623629,114441,182866,540531,604736
540917,95647,122393,349168,394185
730662,136088,217746,629696,613354
732812,135700,219170,633824,726480
718537,127739,204905,598897,712407
795829,114183,187662,522217,593168
394938,71686,118350,346074,395851
601448,103817,166281,486865,544449
615967,108911,168026,504973,574593
620613,123590,174615,504673,574251
576173,124722,172413,506955,569515
662173,113626,179193,523415,578068
479082,91173,139790,418604,472218
765777,124873,205867,643666,683903
576094,103854,164871,478380,547477
773858,145762,236319,856494,659710
527117,99119,156335,456892,522289
366524,82916,123240,341581,414405
690658,142753,312475,681429,714019
393711,75343,118499,343743,505720
374360,81672,125557,345152,395233
740329,130807,228097,647262,741978
577805,102905,164409,482951,546268
865062,173629,280625,817987,712279
548336,98286,164111,485149,549467
371417,106301,125909,333134,475725
737260,141761,224006,646232,743932
609175,160767,184230,544250,595272
678356,115073,188638,562121,639290
464481,87348,135128,401899,451930
425368,93378,129069,511904,474457
440779,85453,132231,427632,441848
430069,80219,128372,370752,425852
823355,130500,454672,1175016,1379036
398630,74857,111803,346919,389906
652635,165387,250228,729823,643682
903525,172263,278061,772666,1010111
424387,79762,167097,375946,423767
1318327,165664,309427,949130,1107323
368550,82185,122939,345567,384967
646684,115415,193334,565020,639750
646383,144549,236724,572970,651949
856401,145758,247978,709003,830317
501703,94225,148961,434583,536911
642445,120701,192030,566330,646249
426600,79682,151520,372565,421627
501049,93894,150393,436877,946608
780829,146123,232864,679926,812204
523414,115428,155915,456020,515678
424203,105915,167157,348939,393661
424550,79872,135172,372229,422278
686523,118603,199507,646635,682351
547989,95057,163824,499733,668043
433643,109748,138522,373955,432055
706458,119704,201818,594071,389998
590000,150875,202116,529271,591058
417845,69463,119022,344525,392506
479557,89994,144592,449343,478771
761681,83365,121456,381109,456499
477837,111476,133663,377332,418737
644540,119909,193854,586716,393845
500519,94406,151125,439770,497278
501328,84390,132362,386220,466506
1212258,270553,346660,484118,540605
484905,85876,135449,401898,456757
426486,76226,127509,373601,430768
613674,135608,174893,533525,582299
577461,107968,241651,509069,575693
481325,91142,140103,420072,472917
701563,83843,122105,368756,386059
779331,145512,228942,678089,843738
606566,113357,176779,534666,608027
1065218,83749,121934,341135,389398
576268,108200,178220,509221,582012
420873,113050,151647,386849,432566
403634,82821,128190,340368,387897
398030,75218,119034,343213,395702
394693,74329,114589,345847,387383
682217,120325,190534,549582,644070
644592,120526,193730,553830,648889
609485,114054,235777,547733,620271
743273,81862,121224,342524,387757
550165,104576,164157,478797,546739
458733,85939,136905,392672,565489
685148,129453,198791,601287,815826
415138,74573,119517,343192,392391
783939,145382,284358,364405,385970
685181,128836,206118,600571,686324
609820,113757,182394,528446,600831
908469,174436,263740,794405,1277047
970728,162330,283044,423640,475859
1375843,75698,114709,336722,383856
381373,98907,124124,336390,397399
750578,121091,137592,388170,439128
682494,120701,205691,597311,678453
478785,89563,143641,416537,480000
531190,190543,354870,911416,1019255
456836,86628,137523,403676,494938
372067,82350,116074,331186,385686
689170,164037,121749,344704,383358
606659,167809,183995,629313,674347
524722,98077,156294,458220,518057
477978,89658,144214,418864,473622
581061,108435,173509,507731,664886
409374,77168,128125,350787,445372
487661,75541,116427,340171,392655
683447,127814,205775,598310,674459
516961,125349,173582,427007,483829
610825,114925,183048,526608,604788
767308,137283,218278,629725,613782
671480,121155,189424,566961,644255
992958,220880,278349,886890,1044757
779281,145690,228824,680155,841086
549068,103493,165411,519237,541920
452199,83669,132205,385024,437266
623973,111500,170839,519311,590218
779797,87452,128944,391912,436823
374852,79046,128515,343671,399731
729000,135429,271088,703984,554038
590586,99721,157683,490913,527109
535552,97875,151995,456121,521994
413240,77011,118945,358844,430969
392734,74758,118224,345492,392971
776993,130215,219508,642533,727647
602079,166069,219121,496892,550518
456523,81501,127148,371656,422883
649271,161785,218809,590090,662318
479942,86076,174137,416767,475323
422263,80376,134148,365613,416633
371045,78523,122160,343293,425012
780864,146492,229341,683935,834017
778634,138929,232032,843226,993369
460780,104126,137432,402179,457210
522506,97616,155663,518200,522422
505158,84105,134860,385626,447047
428746,79680,123375,370345,421161
700170,83821,122059,345138,386070
703392,120871,194421,562409,645357
444876,80223,127061,372159,466086
570237,93686,153525,458349,521510
1261850,251302,427812,1068410,1409304
382472,78423,124247,343960,397373
611900,167936,135549,346876,385256
553845,102715,164608,482087,547671
655918,112982,192945,537927,608360
475074,86766,129464,384914,465324
409981,77213,122598,355997,406921
680511,122142,188094,567756,641261
843626,157770,356434,1111844,1233599
392462,82278,123639,349550,397154
778983,146945,394854,1079736,1047008
778842,137343,230085,621458,721534
731392,115860,186261,534882,604381
940844,137912,220751,639379,719920
522758,115013,156475,479240,523174
437545,78743,132273,386056,436735
910798,162698,277056,609143,570886
500567,100047,151825,481724,516031
678847,183141,230416,671725,496413
478769,95681,147901,426976,524092
833136,158768,250059,734873,759344
479429,90926,145545,419736,478166
575873,103588,182367,545048,575589
429518,120874,203063,369442,429195
776424,122176,207338,591848,684397
402343,82846,123359,378721,397161
648768,117093,198304,555765,689993
408278,73080,118595,358926,400543
370298,82480,117402,339879,386032
568272,82443,122140,345423,386799
410056,103360,130266,358649,517454
424496,77380,121556,370537,422027
442617,83786,132862,427615,473033
438220,82953,131904,430138,441562
380892,79391,124800,348460,397019
642901,122458,191171,575359,685227
525056,103738,238541,562468,548351
433411,76058,117201,398485,408648
687345,128543,199247,592720,1083081
550957,105681,196546,556707,573596
685519,103204,118955,345449,381643
457824,82420,138202,401030,455815
424764,80451,145143,396670,420968
396344,74562,115783,344805,405156
704156,124612,213870,728397,686183
419644,80348,127387,371574,459936
780110,253676,257392,688396,778441
369512,85488,165757,343785,420646
685091,119775,309571,1105220,1272967
644260,119085,243458,565659,646804
722556,129708,218118,681207,733338
698913,115141,194007,559742,640987
643430,137961,214161,350760,392651
492345,83773,128469,388085,436436
577459,108028,172106,504853,577600
504252,93361,149379,435122,571931
579540,124940,171946,503950,567168
733371,193376,147442,346375,401712
1046933,204606,330738,960672,1228875
522669,98256,158972,457676,516333
549405,103172,198572,475527,546575
396856,74674,118687,344528,455387
642361,119050,234115,575207,646216
728968,136843,220529,697273,771641
644934,120071,193350,562098,648938
379765,94332,137264,344898,385960
690646,122637,203988,600129,683334
729850,203387,130744,342664,385386
479913,82191,143223,423821,517087
678085,123836,370606,1055092,1223956
402582,74928,126040,469766,418274
492067,92575,138354,400772,468787
411089,77383,122531,357954,402954
459635,88593,139031,407573,459369
648958,121758,196099,567562,643710
607604,129492,190613,533746,606509
719038,127190,211935,611478,676478
837817,129615,207731,603597,683963
481134,84492,132495,385539,442055
373655,81977,121574,340061,381040
736715,136805,228938,641426,731200
477276,86810,136617,434358,461524
868384,137934,215058,633723,710185
646190,121292,193231,566781,727367
606445,108739,183496,533097,637882
368509,81744,121453,341538,381496
653484,82454,122828,344820,385874
409980,77419,123265,378867,408074
371527,78447,128848,342282,387743
477147,90001,184486,420339,479477
504707,90430,147618,421435,536725
731063,136652,217421,634112,975860
440196,83754,127502,386161,497685
730805,136564,257445,779481,737916
555363,94207,153274,439300,499033
444326,83841,132522,414919,435031
609500,111795,170005,574312,588385
643241,119496,185999,565809,641069
611772,115378,182021,531300,606513
454204,83721,121990,346245,393432
476763,89488,143901,419935,477171
440452,83994,174792,390354,438855
493833,83948,134191,440243,435955
521535,98341,152635,470229,514933
411068,77179,122963,382474,409076
410745,75057,119165,344877,392475
547511,103022,160921,507232,546557
921396,143284,247160,739224,684668
680137,130137,191998,602595,675055
477708,91238,142685,417849,477197
395455,74278,119018,344041,379673
392236,74990,118375,344913,488030
548333,119772,164527,472554,537896
619077,147989,244060,571698,575899
398702,75776,115263,343953,391995
613600,142793,189133,522852,597243
395895,71765,111116,344300,395342
372203,78011,121487,342376,382063
647941,120122,193307,564466,698672
727224,146297,212926,639021,767374
743904,120639,201123,548684,622891
737193,81640,121518,342377,386578
906056,82536,121129,350285,394598
369300,81747,122094,354777,385554
406090,74773,118539,344025,387591
642983,121664,192346,600566,647395
727638,133140,238754,667102,775369
466413,86289,137379,408851,454272
394069,74827,118566,346031,392681
483120,90480,143621,419482,552356
499518,105701,145606,432380,496917
370411,78513,123978,341233,388583
390735,74843,118875,340816,393728
554784,103357,165280,482635,541011
426588,79713,130090,369866,419678
525512,98696,174996,454234,521585
645425,117899,202330,602161,652687
408829,76412,119296,355362,405420
628608,113935,175895,530709,607342
644414,122011,194258,554844,639404
1349859,213933,409079,1179364,550701
412296,77835,122274,353438,430037
408503,74585,118608,344054,395726
523511,99022,158032,517427,525023
548840,102895,171573,481569,548915
440627,82733,135206,444284,458544
649596,138157,193249,563490,506160
577705,108255,172938,540716,571894
787566,179600,234636,589229,668772
746490,83546,118726,343395,392526
736650,136399,213771,639216,675297
566789,99258,170748,472857,534750
400238,75620,123761,341711,391905
479576,89738,143894,417820,478618
424783,80106,128400,368535,418475
371272,82381,121866,342802,383172
1362829,253854,512264,1280547,1386834
724125,135963,212485,637985,728068
687696,122385,198794,592189,680600
833988,68105,120129,338016,387970
368802,82491,122289,339812,435938
540477,80888,130177,367121,421497
486338,80529,127630,372150,419788
425365,77130,123405,371260,418151
615444,107880,182735,511441,626435
612558,82108,124958,351023,399879
464843,100381,128613,372075,422483
424842,81561,127157,484351,452740
1070206,183379,332159,951521,1327642
413770,77988,167320,354168,407148
729224,133658,218052,645623,735357
501192,95020,150648,435844,546856
1055821,153281,344661,1139254,1396496
522066,145468,187972,545742,407600
629034,131503,224089,606352,699680
597884,140586,205857,582170,704639
407092,76062,119362,344194,390544
426442,69666,118911,340746,458294
643567,133104,217393,610457,682954
400555,110408,135769,364414,499550
397457,75685,121625,348487,396183
400678,77025,122124,350169,402514
452470,75941,119902,374265,507568
488788,74238,124437,342532,392687
381485,83575,124093,350655,392045
405240,112093,138461,369349,444359
398949,75695,124528,352375,397524
995474,159109,253555,741967,582141
423554,112746,127945,372259,417958
407359,76084,143771,354689,429774
782908,144757,228201,734899,387508
642769,119797,192712,566096,642401
840584,105506,132479,339505,396891
425503,75703,180199,409167,464479
399495,79674,118957,344482,397533
643327,117165,187117,347369,382886
440166,80468,129158,500783,503454
372934,81608,120638,336385,408579
439519,83718,130979,387138,437506
443100,101252,139673,418555,471114
394799,74187,113921,338400,391819
440769,88721,140104,385960,441979
507750,122759,151331,401423,456765
1098699,128968,194648,584396,641276
840029,132739,236656,672620,777526
552354,113434,143087,382413,435677
392711,96400,131074,358421,406724
705398,81508,117745,342583,382574
435745,83511,131418,384244,436153
730795,136263,212876,640657,728417
441115,82818,159960,388365,439974
815826,74664,127556,340251,384672
597255,110359,175201,519889,650066
369095,81838,120935,340795,386156
645270,118518,233383,591269,642465
370176,82398,122067,337407,387695
389116,75209,167850,391076,396344
481726,90352,143053,416835,474154
491139,91297,137271,400843,459827
617526,168763,363341,997466,952519
446778,83347,131219,386739,426409
479011,89122,142450,418277,476242
542476,90316,145938,438179,496673
612530,153311,205251,505176,574764
680820,120085,193416,561876,633129
457497,86157,136836,399919,457980
396066,74604,117595,346761,389640
527927,97745,158014,458182,519138
672334,74579,118407,337567,404021
626532,108004,173448,499259,572917
1231589,211856,349686,686403,498558
573656,107411,173594,536732,571722
517893,78831,122059,343116,384140
605499,75074,121486,343376,439277
409084,76440,122978,378413,410119
779494,143645,245728,674647,882899
394390,74312,117787,349550,381342
573678,107317,160849,505216,571873
372184,82460,121647,336539,385189
588313,155159,185726,501369,556640
528649,98012,156896,499846,579245
609711,147260,227980,545419,604150
649841,121273,259113,561736,636302
641132,117398,249699,345554,395732
442616,116103,162353,407342,457842
504317,90284,145203,418791,474758
394792,75565,125867,348263,444598
832167,113466,133548,378080,471405
676640,194976,205820,565805,628608
589123,108010,174124,515686,668044
607897,115228,205434,548359,620576
628279,119834,208725,605528,647610
403799,109996,137472,366178,421438
681572,123767,978305,659136,863167
478044,93953,141839,418999,487355
514205,128861,224629,665698,682956
544761,99215,155243,478577,548664
1058687,166118,290949,948731,1062041
502587,121450,151688,437892,573846
370973,81498,122425,501945,392644
371055,81222,126904,340819,388159
582472,113588,190241,991341,668878
680105,136617,218473,619525,733504
467077,127112,156682,379275,446356
419405,81830,128212,380177,417472
371480,81774,179806,511572,412250
960367,122948,377234,649635,665712
770516,131167,208272,559917,667401
415323,76891,118817,400062,392010
500495,95269,151880,466446,499053
442264,83353,128022,384764,437910
411568,78144,118578,357836,407292
570052,184073,328683,642124,832349
615023,83282,125296,345036,385219
439967,83354,168424,423440,438078
694524,107105,165906,491797,546985
1001762,130768,224314,374921,386090
368850,81540,121212,343246,386600
397817,75422,120249,343328,409302
444776,82734,122161,346750,387868
477092,109934,167378,385315,437647
1276861,216454,355977,1110681,1218870
563626,94311,151472,432321,590835
492887,83041,132530,386064,433718
449527,81088,127143,366902,424640
473522,83091,133675,401532,455544
480782,90605,144550,419232,479881
577855,104770,165800,527772,599895
694565,115726,204154,592006,698237
648192,100732,157854,459731,547840
607737,113466,180249,547595,602608
398180,74476,123723,343625,410826
449010,81012,127591,370610,421562
446597,96436,133226,387173,437977
455003,81981,127759,369746,424806
905869,148180,236364,682217,534931
649393,121929,193699,571896,642039
445845,117468,143655,560036,635931
462532,121674,156459,419281,474542
395480,75476,168505,390851,395070
377376,81695,122199,350018,386562
477973,137500,165742,870092,1126225
422277,80778,127913,371649,484065
398965,71334,114756,342660,392768
777554,139889,236272,681618,782390
369366,81412,121849,342090,385289
408533,76749,143233,364461,405556
791884,238106,221280,651098,753787
533399,87175,137267,401238,459124
416832,106405,137111,400775,417352
457141,85849,133780,401962,505150
1216255,251599,394853,1261023,1232862
543832,102143,165387,503249,547726
442117,83108,131779,387757,437995
843522,156804,252416,740114,637297
731368,137158,217958,766606,514901
926727,146828,237103,686279,777854
645980,114523,181962,536997,609252
766910,129074,209495,600104,682321
409652,78149,128336,358199,408329
627689,75485,121657,342965,391369
577359,108102,173617,503401,575522
449988,82858,132231,384402,439757
524693,93959,155852,465297,564996
460258,124028,155224,420304,466024
489344,80665,146135,346008,391332
781666,147223,234891,770746,432615
492271,90739,150959,417342,607333
423635,79500,126741,372623,420307
423225,76371,190599,415787,491735
681600,122637,205957,596313,681257
667323,111923,176629,507449,604641
833746,82134,121416,340190,383047
532975,90376,149713,437134,496192
474887,83572,133177,386528,442203
780606,160249,241556,685822,674613
704629,117012,185415,532018,608876
519003,99553,157095,485332,522883
447194,82532,125093,354022,394190
395811,75406,118670,350155,392832
410509,72672,123589,356612,405348
677310,82842,121484,343664,385286
425996,76474,127325,368980,467257
368371,81883,119922,379873,705418
635440,137898,184791,533162,608332
524739,98465,152474,522338,557574
461005,136265,223296,445592,426116
410023,77410,122392,497690,696274
837986,148048,228839,876592,396402
781151,113953,205852,581345,625090
595958,116689,326021,696118,776241
547270,101712,164108,476675,888836
372126,82729,120535,338068,389675
398139,70416,117854,346455,389820
523992,94402,157245,464427,574768
474891,127260,158191,514964,500549
998110,91893,143633,418617,471521
538255,75552,121530,344950,392449
393850,75222,123796,343391,391641
732158,137308,231658,680674,782107
943950,128896,257225,597261,581119
840589,150839,254322,745788,1105558
845855,156233,243340,676426,847244
657180,142387,212200,582898,663245
811101,100335,135872,363563,379016
485820,117605,157305,416579,469578
996990,133660,176017,440050,679509
963142,202846,344758,974503,1107189
606943,112801,182532,525262,598886
409859,76045,118747,415764,408809
369726,102079,119076,332263,380126
499677,93103,153388,439087,490458
524268,93994,150424,441649,496042
422370,78956,122758,369396,467954
644519,115282,191745,462295,398119
644506,120141,191253,565617,638450
484041,85756,142707,415368,472563
577339,109259,179892,504886,567581
674108,168027,202829,655986,858491
719777,223376,222993,709015,710018
610310,134980,148435,447215,525451
434217,72255,115262,339278,390279
370758,82078,124455,343352,386836
592489,104109,174196,752860,686176
578068,109218,238492,506861,1208601
577425,108229,173835,499900,576359
589373,134226,196960,485833,398411
481604,138787,223475,455585,521288
392312,71428,142017,349738,423276
1221054,172429,290955,1117445,1255315
593775,135540,219131,578857,661079
540535,157867,265127,945634,1364422
784380,153266,261625,672802,533482
475116,89755,184586,678120,542554
372443,86643,123440,334289,388507
647661,140029,194064,615628,751393
395295,109608,141167,380566,589069
394992,74439,118759,340286,390392
573080,77391,121164,350323,461163
415627,100742,129359,342953,387318
473769,103282,166563,404994,499040
484761,126409,219215,419738,476075
1245071,187879,231618,701947,693391
399427,120381,227674,759343,761966
627191,120149,215474,611246,520084
569419,118550,179501,430549,513530
641170,119296,191808,745672,1428910
576374,108517,168777,505138,574244
500674,102155,127965,362392,650215
428200,98803,150525,367496,422443
453059,108809,136007,374401,427997
1696953,243801,544362,1636077,1345950
645009,119278,191573,1128278,1219688
388599,81209,120577,355162,411630
425540,79942,126262,369886,417580
406043,77459,123228,351208,394269
1167015,241062,339898,767975,699585
394552,74430,118602,343665,391423
636445,129047,197360,744570,790575
539391,110516,159760,378336,408374
589588,106859,137109,386923,452397
390051,81062,126838,347796,387793
408696,77181,119177,353695,404891
682732,205336,133162,363324,401699
646283,131479,224419,661637,764016
400435,76363,127937,349037,419561
525347,129478,174529,468152,528320
737791,194142,127322,337416,401655
443002,83043,132083,387369,452911
576653,109292,172512,509478,578965
459588,80117,123969,375451,447205
401561,74750,118227,345889,392148
368901,78124,121060,362603,385671
573592,101443,168164,460856,525213
461849,85577,143764,400395,453886
548778,173886,364387,1072780,1204113
683436,132441,189411,625358,653637
396615,112959,136473,360935,603120
709718,116428,209546,625511,751610
448500,73882,121389,521330,643789
649393,129668,238255,567757,733693
468528,87561,136969,399872,451550
992053,170956,268680,800660,729928
395998,75129,119276,346343,427545
480219,91989,142996,418466,502668
479174,89981,143118,456912,511132
442452,83239,133475,386994,438840
425401,78044,126321,369075,424469
1282818,266378,333898,949780,1150683
508122,86621,138778,403080,458679
729993,137546,210746,693383,579303
537633,99225,157417,457848,519104
548077,103122,164838,541848,549584
479531,125780,162287,436703,495708
411741,72636,122368,352480,400641
738457,73383,118324,344601,390326
525791,97101,152468,457534,543457
377087,80897,128898,343729,389000
649281,127955,253856,595698,727280
402515,76382,121768,350916,447500
489011,123811,226797,536670,399720
564922,119774,158809,459835,527426
512937,90246,137159,391198,443294
440587,82559,131365,378192,438898
651442,121353,193456,561072,633989
393673,76463,116311,349987,399073
461815,88640,139041,408128,459992
646661,119920,192914,556088,643862
614214,102992,165982,511632,546732
619889,94524,150730,479532,491336
481425,92100,152288,419343,481878
448321,82457,131541,380662,438913
371237,78350,121384,344128,384267
622888,108966,167093,504174,571894
426657,82238,128365,398188,427366
478590,75974,118574,345100,392609
477508,85260,144625,422325,478198
732654,136258,204346,694753,908395
612015,108116,180961,537498,607685
409048,76250,121704,356468,436148
685193,121983,204597,589034,676008
478562,83356,145843,408691,595714
648573,122850,196252,569719,712569
484459,90276,143541,414510,501543
648630,118907,186123,546020,593432
469636,80337,133586,373879,429158
480619,90269,142986,415677,477431
400272,81428,126159,352805,434669
551109,103266,164044,481134,550421
608863,195587,278983,557747,624367
729928,154282,169478,340878,407060
682961,127903,220072,457698,387839
369552,82323,122976,344365,383378
1317317,223059,393294,1085949,1014081
875876,149838,251897,794069,922931
690460,122562,206631,599700,717921
524581,94289,150650,437430,497371
458476,86077,135173,399682,457043
577836,108426,167111,507556,570715
502019,109475,158456,429568,499288
369644,78279,126173,340293,385733
579358,109477,172634,690118,488047
686807,125304,194701,610405,692250
443643,84365,132827,384194,438152
840799,157168,291322,338072,401514
730539,138625,265446,683276,728893
685625,131804,193261,601355,679099
698854,100813,209675,536835,635260
648275,124946,188927,563477,618399
781641,158440,374566,886155,420433
729800,123672,219233,624525,755045
729537,82571,121279,339457,459687
685630,138113,193172,566940,643654
474038,82624,132759,384276,439962
442205,80661,120319,368363,421695
411908,77364,119776,358028,407271
648101,153126,205210,574068,643316
442887,77677,121307,357219,405595
705686,152370,195243,567117,637737
602146,103819,157450,502159,578640
395124,66605,119420,345084,393663
568089,91543,149914,426656,526718
457614,78658,124079,377323,465253
575916,103485,173615,506418,578752
371746,81001,123786,345858,388403
371296,82452,121513,341748,392585
751607,150761,219726,710707,729635
840471,157917,182851,342696,388513
715693,129368,205594,600703,683682
367783,80789,125402,367027,488097
478923,89800,196859,371522,421671
390192,82212,182740,343373,384503
832262,140984,236858,642508,733654
505936,90225,143523,424510,578115
439957,83174,132245,379646,445921
439936,101188,181314,384511,438248
739142,88285,122702,345041,510215
781027,146174,235319,742323,394472
528991,115383,151205,457379,520678
443803,122083,185047,417324,570153
478944,75026,119538,345652,394147
395075,74891,118735,344707,392210
395173,74935,120223,347701,393141
439062,100481,125230,367844,429605
782443,144480,234873,483140,388071
427505,80434,127357,373125,420423
502692,94750,156353,473298,537954
381495,79337,124199,352112,396713
1226041,214833,360975,1077160,1184646
644394,126626,199356,573287,392742
577460,125321,248008,505530,626699
431723,80773,127351,395651,423544
459453,82380,137629,402603,453467
758528,71553,119093,343915,393122
577908,102609,174016,494667,635213
394635,75136,119122,344744,390652
608275,103889,165778,516508,555419
688712,166577,273577,627156,708672
685033,127942,204860,589142,384790
370813,80156,120998,342553,382960
583248,110188,207400,480762,719059
445842,122108,150343,404216,457073
459640,121430,157106,417414,470749
577864,108213,172400,505406,617056
613054,94684,151726,437966,496916
503699,72112,119147,345918,390465
690703,72482,120093,347447,388288
1016015,79410,124838,354235,394962
597703,108004,181602,509545,612636
701047,128606,205236,601670,694330
434954,82824,128279,381642,444583
635183,114714,234989,547377,624665
401230,74876,118010,345105,392837
687474,127731,206473,601984,684020
477103,86487,151514,418918,471721
571349,137876,168745,458945,548473
644705,169382,218686,584591,666879
642076,136803,193853,564070,647576
482653,90424,145188,421288,473704
441095,83595,128589,381330,466342
901920,129445,207714,603657,681355
547381,103780,164295,477448,548794
381349,82548,124603,350812,397170
682993,126864,206350,598734,675241
582481,98861,186354,641687,556010
383640,119680,127179,332976,379955
372791,102084,124412,335833,423682
463060,87600,138733,400808,458539
396871,74035,118442,345256,390754
512944,90580,139645,416505,473559
427120,80032,127441,373973,421083
746969,136965,219115,637294,726260
608554,163774,212104,573372,626967
581008,105396,181486,559673,577125
440477,83224,132627,385727,438252
727705,132866,223946,652233,622022
460387,79659,134031,401020,457537
547100,109563,166002,488665,877624
410491,77485,122800,357783,446945
927604,146208,238023,687246,584900
640666,108819,173630,504108,572930
457619,85435,144339,401922,459380
401706,75049,118468,342905,391116
417108,74613,115613,342031,386608
383965,82248,125264,353285,397742
463124,86664,137285,399292,451955
481349,80751,128971,373848,414001
779589,148050,255638,708476,965849
1063096,234138,371652,1085288,1257414
442846,97550,167707,424884,498578
551640,102696,163581,480969,547272
799561,98084,124940,335197,382180
772989,70480,115548,391779,395403
434570,71741,118584,340593,506905
763319,215273,280229,642524,543926
652744,121836,193344,554769,640056
370473,82367,125764,341460,383405
636911,114824,183069,590612,600706
609535,159223,203765,546740,635838
446117,120597,140869,393540,487878
545114,106321,163442,497353,555777
575665,142903,173590,505398,573192
393919,73530,118546,343712,391067
600819,113597,181644,562840,606134
805911,147988,234365,1002226,1205069
521336,97691,156454,600326,594129
548576,102605,163844,480748,544626
406327,77537,202800,358477,405292
647241,114934,183593,601430,609791
456797,81402,137788,395887,455139
953089,93764,161602,460272,523430
434877,76426,122445,356683,402519
736159,152947,219050,634345,733275
425075,79956,125887,364468,421181
577727,72603,120203,342537,384201
478496,96052,145743,459449,483181
480314,129335,162544,433709,489749
725064,134625,222535,634681,599786
522540,115181,157416,456092,521842
740327,120946,192745,558732,633604
698843,113591,192439,711405,649026
732153,201787,138490,355475,404422
423759,76092,126790,372196,421907
397263,74306,123429,346763,392603
547082,103035,163473,478504,541969
671138,151898,165049,529538,722512
569596,86437,139092,451820,459670
553496,102218,168400,550131,549618
522784,98593,164108,495387,521776
411340,75233,125180,360831,407008
442150,83303,133069,415011,439204
528719,81600,129033,364648,418555
522971,85415,138415,426270,452692
837569,153559,246771,666798,386108
691695,127889,199042,590933,678100
545068,75161,121860,343206,386641
648925,120877,195265,565834,653371
514820,93695,150187,440328,511775
369261,82507,118722,333444,388508
642652,114976,186413,564044,668156
609504,111114,175121,498027,394617
443042,77384,120163,345634,394349
370909,82428,139442,357540,389019
783771,135828,220626,678017,731436
729056,137461,218453,637434,720321
507672,162512,171732,457012,557241
507756,77428,121707,358507,431183
401217,71366,115486,349072,393357
369502,82390,121754,339490,442807
395070,71528,118981,345143,415797
730562,130132,265553,646355,877827
738047,133093,204231,638028,694351
611722,114118,181725,531841,658420
523982,104237,157208,451488,539130
549828,142225,166400,479270,658537
549738,103568,164913,477029,546575
938938,78986,122085,343671,387485
597478,81906,123608,342535,386284
738630,213346,224184,735944,585961
572786,111831,203156,504043,634026
749119,134835,211771,642305,782044
732030,129671,262321,641394,732893
577655,107555,181899,506054,576646
598362,157449,295618,619107,500317
450887,76711,124498,371544,422682
484740,84116,133069,415364,435646
397411,74678,119849,346778,395599
576950,107242,167690,505460,577626
728512,128068,216787,595730,811176
392933,74040,114691,340884,390351
1282642,217808,388811,894024,482125
430513,110500,200087,337642,387468
538035,93980,156334,542914,561523
428826,79930,134710,372113,417640
399420,75017,118922,370890,399983
425551,79938,185339,501708,419812
687068,128545,205306,601465,681337
646838,115508,192232,584241,642139
912442,76352,117959,345834,378977
546883,102685,165070,482451,548029
781255,137468,221578,677849,731925
457801,81339,138637,400637,455118
474718,84608,131847,387919,438840
424163,79901,128013,405102,423193
756260,135938,217724,690343,727793
683033,99316,117902,345457,393009
685689,121436,196445,573594,734239
533751,147774,214521,461495,524491
440387,82662,132846,385011,454273
549869,94980,150988,466965,432732
621160,121262,188114,607020,426103
682768,127030,207101,606765,677589
733857,138294,244008,510710,579709
397239,75189,119574,343038,392340
640999,118551,227045,509090,675670
1207940,276173,375835,930064,929673
529386,140230,178370,534503,547576
466088,109696,135394,531107,652852
473959,112787,145495,503538,441350
457940,83656,120619,334369,385465
666666,98232,167363,452595,519990
441892,83182,127667,383438,557056
430180,116267,157210,404122,507525
495836,92169,148771,437102,620108
662801,104356,179093,503986,573374
439316,83372,138927,379977,433405
1346893,198773,341474,1017349,1101152
645257,132160,223706,681732,637922
483431,88019,196165,428818,482554
532776,83044,127855,416359,617961
423078,79684,125887,368753,442799
667795,120500,186503,554968,638281
467348,81562,132560,399194,453709
618732,119716,181264,579082,692929
394414,76439,115017,339895,389475
778969,146191,232904,677431,785660
415658,111141,133665,465376,507891
822231,105888,134477,356112,403025
443689,126610,336833,596941,796954
423860,79242,122271,368784,420818
504948,98813,120451,344980,394520
394518,73973,113592,344790,438072
